bhcmis_id,organization,site_name,city,county,type,latitude,longitude,total_patients,uninsured,medicaid,pct_uninsured,pct_medicaid
101630,VALLEY FAMILY HEALTH CARE INC,Valley Family Health Care - Nyssa Medical Clinic,Nyssa,Malheur,Federally Qualified Health Center (FQHC),43.8760969,-116.99635634,23306.0,3289.0,10450.0,0.14112245773620527,0.4483823908006522
100760,"NORTHWEST HUMAN SERVICES, INC.",NORTHWEST HUMAN SERVICES-HOAP Homeless Outreach & Advocacy Project,Salem,Marion,Federally Qualified Health Center (FQHC),44.94572728,-123.0322752,12642.0,734.0,7888.0,0.05806043347571587,0.6239519063439329
107920,LANE COUNTY OREGON,Lane County Mental Health,Eugene,Lane,Federally Qualified Health Center (FQHC),44.05981396,-123.07298284,28346.0,6323.0,16750.0,0.2230649827136104,0.5909122980314683
107660,CENTRAL CITY CONCERN,Blackburn Center,Portland,Multnomah,Federally Qualified Health Center (FQHC),45.52262685,-122.53831925,11360.0,536.0,8679.0,0.047183098591549295,0.7639964788732394
103100,"UMPQUA COMMUNITY HEALTH CENTER, INC.",UCHC Administrative Annex (NO services provided),Roseburg,Douglas,Federally Qualified Health Center (FQHC),43.26088947,-123.35169,18139.0,922.0,9987.0,0.05082970395280886,0.5505816197144274
107920,LANE COUNTY OREGON,LANE COUNTY,Eugene,Lane,Federally Qualified Health Center (FQHC),44.05102013,-123.09038149,28346.0,6323.0,16750.0,0.2230649827136104,0.5909122980314683
10E00507,OREGON HEALTH & SCIENCE UNIVERSITY,"OHSU Health Family Medicine, East Portland",Portland,Multnomah,Federally Qualified Health Center (FQHC),45.5140302,-122.56055058,12932.0,235.0,5412.0,0.018171976492421898,0.4184967522424992
103100,"UMPQUA COMMUNITY HEALTH CENTER, INC.",Aviva Health - Reproductive & Women's Health Clinic,Roseburg,Douglas,Federally Qualified Health Center (FQHC),43.23824023,-123.3696841,18139.0,922.0,9987.0,0.05082970395280886,0.5505816197144274
102080,ONE COMMUNITY HEALTH,One Community Health - Hood River,Hood River,Hood River,Federally Qualified Health Center (FQHC),45.69657422,-121.5194172,24400.0,2165.0,10545.0,0.08872950819672132,0.432172131147541
105600,MOSAIC COMMUNITY HEALTH,Madras Health Center,Madras,Jefferson,Federally Qualified Health Center (FQHC),44.63742957,-121.11977686,28112.0,1349.0,14734.0,0.047986624928856005,0.5241178144564599
101310,COUNTY OF CLACKAMAS,Clackamas High School SBHC,Clackamas,Clackamas,Federally Qualified Health Center (FQHC),45.41824378,-122.53795464,17686.0,1210.0,13255.0,0.0684156960307588,0.7494628519733122
1010810,BENTON COUNTY,Sweet Home Health Center,Sweet Home,Linn,Federally Qualified Health Center (FQHC),44.3973372,-122.73169026,10514.0,1636.0,5784.0,0.15560205440365227,0.5501236446642572
105600,MOSAIC COMMUNITY HEALTH,Administrative Annex,Bend,Deschutes,Federally Qualified Health Center (FQHC),44.04528922,-121.32440376,28112.0,1349.0,14734.0,0.047986624928856005,0.5241178144564599
101310,COUNTY OF CLACKAMAS,Rex Putnam High School SBHC,Portland,Clackamas,Federally Qualified Health Center (FQHC),45.40256401,-122.61145639,17686.0,1210.0,13255.0,0.0684156960307588,0.7494628519733122
100790,LA CLINCA DEL VALLE FAMILY HEALTH CENTER INC,La Clinica School-Based Health Center at Jackson Elementary School,Medford,Jackson,Federally Qualified Health Center (FQHC),42.33168673,-122.8868263,23919.0,2060.0,15095.0,0.08612400183954179,0.6310882561980016
103100,"UMPQUA COMMUNITY HEALTH CENTER, INC.",Sutherlin Clinic,Sutherlin,Douglas,Federally Qualified Health Center (FQHC),43.38089422,-123.3276331,18139.0,922.0,9987.0,0.05082970395280886,0.5505816197144274
105600,MOSAIC COMMUNITY HEALTH,Mosaic Pharmacy - Bend,Bend,Deschutes,Federally Qualified Health Center (FQHC),44.07056937,-121.26115752,28112.0,1349.0,14734.0,0.047986624928856005,0.5241178144564599
10E01202,WINDING WATERS MEDICAL CLINIC,Winding Waters Open Space,Enterprise,Wallowa,Federally Qualified Health Center (FQHC),45.43139952,-117.27893176,5705.0,378.0,1897.0,0.06625766871165645,0.3325153374233129
107880,"THE NATIVE AMERICAN REHABILITATION ASSOCIATION OF THE NORTHWEST, INCORPORATED",NARA Totem Lodge Community Center,Portland,Multnomah,Federally Qualified Health Center (FQHC),45.50482352,-122.6510157,5025.0,493.0,3097.0,0.09810945273631841,0.616318407960199
101230,VIRGINIA GARCIA MEMORIAL HEALTH CENTER,Virginia Garcia Memorial Health Center  -  Center for Addition Triage and Treatment,Hillsboro,Washington,Federally Qualified Health Center (FQHC),45.52842486,-122.93069534,48320.0,5313.0,33973.0,0.10995447019867549,0.7030836092715231
107920,LANE COUNTY OREGON,Delta Oaks Clinic,Eugene,Lane,Federally Qualified Health Center (FQHC),44.09341366,-123.09572747,28346.0,6323.0,16750.0,0.2230649827136104,0.5909122980314683
106290,OUTSIDE IN,Milwaukie High School Health and Wellness Center,Portland,Clackamas,Federally Qualified Health Center (FQHC),45.44060347,-122.63759527,5847.0,922.0,3653.0,0.1576877030956046,0.6247648366683769
101120,Multnomah County,Centennial High School Student Health Center,Gresham,Multnomah,Federally Qualified Health Center (FQHC),45.49632461,-122.47558322,54930.0,3549.0,44369.0,0.06460950300382305,0.807737119970872
101120,Multnomah County,Parkrose High School Student Health Center,Portland,Multnomah,Federally Qualified Health Center (FQHC),45.55178682,-122.53964561,54930.0,3549.0,44369.0,0.06460950300382305,0.807737119970872
105600,MOSAIC COMMUNITY HEALTH,Sisters School-Based Health Center,Sisters,Deschutes,Federally Qualified Health Center (FQHC),44.29566936,-121.57341786,28112.0,1349.0,14734.0,0.047986624928856005,0.5241178144564599
101120,Multnomah County,Jefferson High School Student Health Center,Portland,Multnomah,Federally Qualified Health Center (FQHC),45.56042261,-122.67293287,54930.0,3549.0,44369.0,0.06460950300382305,0.807737119970872
107880,"THE NATIVE AMERICAN REHABILITATION ASSOCIATION OF THE NORTHWEST, INCORPORATED",NARA Outpatient Treatment and Recovery Services Program,Portland,Multnomah,Federally Qualified Health Center (FQHC),45.51706391,-122.69093401,5025.0,493.0,3097.0,0.09810945273631841,0.616318407960199
100150,"SISKIYOU COMMUNITY HEALTH CENTER, INC.",SISKIYOU COMMUNITY HEALTH CENTER - CAVE JUNCTION,Cave Junction,Josephine,Federally Qualified Health Center (FQHC),42.17496777,-123.64527479,21248.0,1255.0,11291.0,0.05906438253012048,0.5313911897590361
10E00467,ADAPT,FQHC - Madrone,Roseburg,Douglas,Federally Qualified Health Center (FQHC),43.21340859,-123.35156293,7895.0,100.0,4540.0,0.01266624445851805,0.5750474984167194
101230,VIRGINIA GARCIA MEMORIAL HEALTH CENTER,VIRGINIA GARCIA MEMORIAL HEALTH CENTER- NEWBERG,Newberg,Yamhill,Federally Qualified Health Center (FQHC),45.30122747,-122.95663397,48320.0,5313.0,33973.0,0.10995447019867549,0.7030836092715231
101120,Multnomah County,Cleveland High School Student Health Center,Portland,Multnomah,Federally Qualified Health Center (FQHC),45.49845218,-122.63959922,54930.0,3549.0,44369.0,0.06460950300382305,0.807737119970872
10E01385,CASCADE AIDS PROJECT,Cascade AIDS Project,Portland,Multnomah,Federally Qualified Health Center (FQHC) Look-Alike,45.5244772,-122.67577341,,,,,
101120,Multnomah County,HIV Health Services Center,Portland,Multnomah,Federally Qualified Health Center (FQHC),45.52769987,-122.67662393,54930.0,3549.0,44369.0,0.06460950300382305,0.807737119970872
10E00506,NEIGHBORHOOD HEALTH CENTER,NHC Oregon City Medical Clinic,Oregon City,Clackamas,Federally Qualified Health Center (FQHC),45.345397,-122.59672595,19718.0,1522.0,14066.0,0.07718835581701998,0.713358352774115
102400,ASHER COMMUNITY HEALTH CENTER,Spray Field Office,Spray,Wheeler,Federally Qualified Health Center (FQHC),44.83493205,-119.79278613,1551.0,158.0,513.0,0.10186976144422953,0.3307543520309478
1010860,"WATERFALL CLINIC, INCORPORATED",Starfish Youth Therapy Center,Coos Bay,Coos,Federally Qualified Health Center (FQHC),43.3642455,-124.2174018,5606.0,393.0,2443.0,0.07010346057795219,0.435783089546914
10E01418,CASCADIA HEALTH,Cascadia Health- Administrative Office,Portland,Multnomah,Federally Qualified Health Center (FQHC) Look-Alike,45.52907438,-122.64649191,,,,,
101120,Multnomah County,Leodis V. McDaniel High School Student Health Center,Portland,Multnomah,Federally Qualified Health Center (FQHC),45.5420354,-122.5788932,54930.0,3549.0,44369.0,0.06460950300382305,0.807737119970872
105600,MOSAIC COMMUNITY HEALTH,Crook Kids School-Based Health Center,Prineville,Crook,Federally Qualified Health Center (FQHC),44.30114656,-120.83957185,28112.0,1349.0,14734.0,0.047986624928856005,0.5241178144564599
102970,ROGUE COMMUNITY HEALTH,Butte Falls Health Center,Butte Falls,Jackson,Federally Qualified Health Center (FQHC),42.54122509,-122.56457062,14401.0,767.0,8741.0,0.05326019026456496,0.6069717380737448
101120,Multnomah County,Franklin High School Student Health Center,Portland,Multnomah,Federally Qualified Health Center (FQHC),45.50144813,-122.60738421,54930.0,3549.0,44369.0,0.06460950300382305,0.807737119970872
101230,VIRGINIA GARCIA MEMORIAL HEALTH CENTER,Evans Street Mental Health Integration Site,Mcminnville,Yamhill,Federally Qualified Health Center (FQHC),45.21264743,-123.19446863,48320.0,5313.0,33973.0,0.10995447019867549,0.7030836092715231
100790,LA CLINCA DEL VALLE FAMILY HEALTH CENTER INC,La Clinica School-Based Health Center at Rogue Primary School,Central Point,Jackson,Federally Qualified Health Center (FQHC),42.36974711,-122.9115095,23919.0,2060.0,15095.0,0.08612400183954179,0.6310882561980016
100150,"SISKIYOU COMMUNITY HEALTH CENTER, INC.",SISKIYOU COMMUNITY HEALTH CENTER,Grants Pass,Josephine,Federally Qualified Health Center (FQHC),42.45905972,-123.32750494,21248.0,1255.0,11291.0,0.05906438253012048,0.5313911897590361
103100,"UMPQUA COMMUNITY HEALTH CENTER, INC.",Myrtle Creek Clinic,Myrtle Creek,Douglas,Federally Qualified Health Center (FQHC),43.01676264,-123.29363074,18139.0,922.0,9987.0,0.05082970395280886,0.5505816197144274
100790,LA CLINCA DEL VALLE FAMILY HEALTH CENTER INC,La Clinica Wellness Center,Medford,Jackson,Federally Qualified Health Center (FQHC),42.33652891,-122.87112842,23919.0,2060.0,15095.0,0.08612400183954179,0.6310882561980016
102970,ROGUE COMMUNITY HEALTH,South Ashland Health Center,Ashland,Jackson,Federally Qualified Health Center (FQHC),42.18539943,-122.67261578,14401.0,767.0,8741.0,0.05326019026456496,0.6069717380737448
101310,COUNTY OF CLACKAMAS,Gladstone Health Clinic,Gladstone,Clackamas,Federally Qualified Health Center (FQHC),45.38517416,-122.59788039,17686.0,1210.0,13255.0,0.0684156960307588,0.7494628519733122
101230,VIRGINIA GARCIA MEMORIAL HEALTH CENTER,Virginia Garcia Beaverton Wellness Center,Beaverton,Washington,Federally Qualified Health Center (FQHC),45.49924105,-122.80721909,48320.0,5313.0,33973.0,0.10995447019867549,0.7030836092715231
10E00507,OREGON HEALTH & SCIENCE UNIVERSITY,OHSU Family Medicine at Richmond,Portland,Multnomah,Federally Qualified Health Center (FQHC),45.50476803,-122.62232487,12932.0,235.0,5412.0,0.018171976492421898,0.4184967522424992
102080,ONE COMMUNITY HEALTH,One Community Health - Hood River Valley High School Health Center,Hood River,Hood River,Federally Qualified Health Center (FQHC),45.68485331,-121.54445713,24400.0,2165.0,10545.0,0.08872950819672132,0.432172131147541
100760,"NORTHWEST HUMAN SERVICES, INC.",TOTAL HEALTH COMMUNITY CLINIC,Monmouth,Polk,Federally Qualified Health Center (FQHC),44.84922747,-123.22331235,12642.0,734.0,7888.0,0.05806043347571587,0.6239519063439329
103100,"UMPQUA COMMUNITY HEALTH CENTER, INC.",ROSEBURG HIGH SCHOOL,Roseburg,Douglas,Federally Qualified Health Center (FQHC),43.2139058,-123.35432117,18139.0,922.0,9987.0,0.05082970395280886,0.5505816197144274
1014200,COUNTY OF LINCOLN,Coastal Healthcare - Lincoln City,Lincoln City,Lincoln,Federally Qualified Health Center (FQHC),44.959687,-124.0128158,3163.0,288.0,1476.0,0.09105279797660448,0.466645589630098
10E00492,THE WALLACE MEDICAL CONCERN,Wallace Dental Clinic,Portland,Multnomah,Federally Qualified Health Center (FQHC),45.52268967,-122.47577525,7140.0,879.0,5622.0,0.123109243697479,0.7873949579831933
100700,WHITE BIRD CLINIC,Shelter Care,Eugene,Lane,Federally Qualified Health Center (FQHC),44.05548174,-123.09990476,4902.0,1202.0,3261.0,0.2452060383516932,0.6652386780905752
10E00506,NEIGHBORHOOD HEALTH CENTER,NHC Administration,Portland,Washington,Federally Qualified Health Center (FQHC),45.42590023,-122.75245802,19718.0,1522.0,14066.0,0.07718835581701998,0.713358352774115
103100,"UMPQUA COMMUNITY HEALTH CENTER, INC.",Myrtle Creek Dental Clinic,Myrtle Creek,Douglas,Federally Qualified Health Center (FQHC),43.02744965,-123.2845808,18139.0,922.0,9987.0,0.05082970395280886,0.5505816197144274
101030,YAKIMA VALLEY FARM WORKERS CLINIC,Pacific Pedatrics,Woodburn,Marion,Federally Qualified Health Center (FQHC),45.15146637,-122.83632257,202651.0,20211.0,133722.0,0.09973303857370554,0.659863509185743
102080,ONE COMMUNITY HEALTH,Mobile Health Unit 2,Hood River,Hood River,Federally Qualified Health Center (FQHC),45.69657422,-121.5194172,24400.0,2165.0,10545.0,0.08872950819672132,0.432172131147541
1010810,BENTON COUNTY,Children and Families,Corvallis,Benton,Federally Qualified Health Center (FQHC),44.55176006,-123.29795831,10514.0,1636.0,5784.0,0.15560205440365227,0.5501236446642572
101030,YAKIMA VALLEY FARM WORKERS CLINIC,Lancaster Family Health Center at Beverly,Salem,Marion,Federally Qualified Health Center (FQHC),44.96112722,-122.98488702,202651.0,20211.0,133722.0,0.09973303857370554,0.659863509185743
10E00506,NEIGHBORHOOD HEALTH CENTER,Canby Medical & Dental Clinic,Canby,Clackamas,Federally Qualified Health Center (FQHC),45.26372805,-122.69559955,19718.0,1522.0,14066.0,0.07718835581701998,0.713358352774115
107660,CENTRAL CITY CONCERN,CENTRAL CITY CONCERN,Portland,Multnomah,Federally Qualified Health Center (FQHC),45.52499608,-122.67648311,11360.0,536.0,8679.0,0.047183098591549295,0.7639964788732394
10E00467,ADAPT,FQHC Mobile Medical Clinic,Roseburg,Douglas,Federally Qualified Health Center (FQHC),43.21296845,-123.31359777,7895.0,100.0,4540.0,0.01266624445851805,0.5750474984167194
102970,ROGUE COMMUNITY HEALTH,Medford Health Center,Medford,Jackson,Federally Qualified Health Center (FQHC),42.32716846,-122.86299336,14401.0,767.0,8741.0,0.05326019026456496,0.6069717380737448
107880,"THE NATIVE AMERICAN REHABILITATION ASSOCIATION OF THE NORTHWEST, INCORPORATED",NARA Wellness Center,Portland,Multnomah,Federally Qualified Health Center (FQHC),45.52237644,-122.53557611,5025.0,493.0,3097.0,0.09810945273631841,0.616318407960199
10E01418,CASCADIA HEALTH,Cascadia Woodland Park Health Center,Portland,Multnomah,Federally Qualified Health Center (FQHC) Look-Alike,45.53632414,-122.55590633,,,,,
10E01418,CASCADIA HEALTH,Cascadia Talbert Health Center,Clackamas,Clackamas,Federally Qualified Health Center (FQHC) Look-Alike,45.42805011,-122.53631346,,,,,
103100,"UMPQUA COMMUNITY HEALTH CENTER, INC.",Aviva Health Support Services,Roseburg,Douglas,Federally Qualified Health Center (FQHC),43.25933819,-123.35139965,18139.0,922.0,9987.0,0.05082970395280886,0.5505816197144274
102360,COUNTY OF TILLAMOOK,ROCKWAY BEACH CLINIC,Rockaway Beach,Tillamook,Federally Qualified Health Center (FQHC),45.61321565,-123.94383131,6021.0,1361.0,2332.0,0.22604218568344128,0.3873110778940375
105600,MOSAIC COMMUNITY HEALTH,Mountain View School-Based Health Center,Bend,Deschutes,Federally Qualified Health Center (FQHC),44.07778778,-121.26388222,28112.0,1349.0,14734.0,0.047986624928856005,0.5241178144564599
101230,VIRGINIA GARCIA MEMORIAL HEALTH CENTER,VIRGINA GARCIA MEMORIAL HEALTH CENTER- HILLSBORO DENTAL,Hillsboro,Washington,Federally Qualified Health Center (FQHC),45.51872818,-122.97874041,48320.0,5313.0,33973.0,0.10995447019867549,0.7030836092715231
10E01202,WINDING WATERS MEDICAL CLINIC,Winding Waters Medical Clinic,Enterprise,Wallowa,Federally Qualified Health Center (FQHC),45.43218285,-117.28637974,5705.0,378.0,1897.0,0.06625766871165645,0.3325153374233129
101030,YAKIMA VALLEY FARM WORKERS CLINIC,Coastal Family Health Center Admin Office,Astoria,Clatsop,Federally Qualified Health Center (FQHC),46.19464451,-123.79722604,202651.0,20211.0,133722.0,0.09973303857370554,0.659863509185743
100700,WHITE BIRD CLINIC,"Homeless Outreach, Case Management and Advocacy",Eugene,Lane,Federally Qualified Health Center (FQHC),44.04664491,-123.08776089,4902.0,1202.0,3261.0,0.2452060383516932,0.6652386780905752
10E01202,WINDING WATERS MEDICAL CLINIC,Winding Waters Wallowa,Wallowa,Wallowa,Federally Qualified Health Center (FQHC),45.5752263,-117.53681071,5705.0,378.0,1897.0,0.06625766871165645,0.3325153374233129
107200,COLUMBIA RIVER HEALTH,Columbia River Health,Boardman,Morrow,Federally Qualified Health Center (FQHC),45.8292398,-119.70294521,3593.0,267.0,1467.0,0.07431116059003619,0.4082939048149179
102360,COUNTY OF TILLAMOOK,Tillamook County Community Health Center - Main Street Health Center,Tillamook,Tillamook,Federally Qualified Health Center (FQHC),45.45242338,-123.84398742,6021.0,1361.0,2332.0,0.22604218568344128,0.3873110778940375
102970,ROGUE COMMUNITY HEALTH,Eagle Point School Health Center,Eagle Point,Jackson,Federally Qualified Health Center (FQHC),42.47450539,-122.80287726,14401.0,767.0,8741.0,0.05326019026456496,0.6069717380737448
10E00507,OREGON HEALTH & SCIENCE UNIVERSITY,OHSU Richmond Immediate Care,Portland,Multnomah,Federally Qualified Health Center (FQHC),45.50524651,-122.61835713,12932.0,235.0,5412.0,0.018171976492421898,0.4184967522424992
105600,MOSAIC COMMUNITY HEALTH,Madras High School-Based Health Center,Madras,Jefferson,Federally Qualified Health Center (FQHC),44.63061566,-121.12444692,28112.0,1349.0,14734.0,0.047986624928856005,0.5241178144564599
105600,MOSAIC COMMUNITY HEALTH,Harriman Health Clinic,Bend,Deschutes,Federally Qualified Health Center (FQHC),44.06113294,-121.31012879,28112.0,1349.0,14734.0,0.047986624928856005,0.5241178144564599
107200,COLUMBIA RIVER HEALTH,Columbia River Pharmacy,Boardman,Morrow,Federally Qualified Health Center (FQHC),45.83175932,-119.70042016,3593.0,267.0,1467.0,0.07431116059003619,0.4082939048149179
107880,"THE NATIVE AMERICAN REHABILITATION ASSOCIATION OF THE NORTHWEST, INCORPORATED",NARA NW Outpatient Treatment & Recovery Services Program,Gresham,Multnomah,Federally Qualified Health Center (FQHC),45.50455999,-122.43487475,5025.0,493.0,3097.0,0.09810945273631841,0.616318407960199
102910,"KLAMATH HEALTH PARTNERSHIP, INC.",Klamath Health Partnership Admin,Klamath Falls,Klamath,Federally Qualified Health Center (FQHC),42.2160476,-121.76650481,9182.0,1116.0,4014.0,0.12154214768024396,0.43715966020474845
102970,ROGUE COMMUNITY HEALTH,Administration,Medford,Jackson,Federally Qualified Health Center (FQHC),42.33803577,-122.89480277,14401.0,767.0,8741.0,0.05326019026456496,0.6069717380737448
102910,"KLAMATH HEALTH PARTNERSHIP, INC.",CHILOQUIN OPEN DOOR FAMILY PRAC.,Chiloquin,Klamath,Federally Qualified Health Center (FQHC),42.57783708,-121.8664729,9182.0,1116.0,4014.0,0.12154214768024396,0.43715966020474845
107660,CENTRAL CITY CONCERN,Evergreen Crossing,Portland,Multnomah,Federally Qualified Health Center (FQHC),45.53245019,-122.57841208,11360.0,536.0,8679.0,0.047183098591549295,0.7639964788732394
101230,VIRGINIA GARCIA MEMORIAL HEALTH CENTER,VIRGINIA GARCIA MOBILE VAN,Cornelius,Washington,Federally Qualified Health Center (FQHC),45.5209016,-123.05763549,48320.0,5313.0,33973.0,0.10995447019867549,0.7030836092715231
101230,VIRGINIA GARCIA MEMORIAL HEALTH CENTER,VIRGINIA GARCIA MEMORIAL HEALTH CENTER- NEWBERG DENTAL,Newberg,Yamhill,Federally Qualified Health Center (FQHC),45.30122747,-122.95663397,48320.0,5313.0,33973.0,0.10995447019867549,0.7030836092715231
103100,"UMPQUA COMMUNITY HEALTH CENTER, INC.",Aviva Outpatient Behavioral Health,Roseburg,Douglas,Federally Qualified Health Center (FQHC),43.2358228,-123.38206174,18139.0,922.0,9987.0,0.05082970395280886,0.5505816197144274
10E01385,CASCADE AIDS PROJECT,Prism Health,Portland,Multnomah,Federally Qualified Health Center (FQHC) Look-Alike,45.51643124,-122.64276967,,,,,
102910,"KLAMATH HEALTH PARTNERSHIP, INC.",Pine Street Open Door,Klamath Falls,Klamath,Federally Qualified Health Center (FQHC),42.22404553,-121.78482337,9182.0,1116.0,4014.0,0.12154214768024396,0.43715966020474845
100760,"NORTHWEST HUMAN SERVICES, INC.",West Salem Clinic Mental Health,Salem,Polk,Federally Qualified Health Center (FQHC),44.94003517,-123.05978888,12642.0,734.0,7888.0,0.05806043347571587,0.6239519063439329
102910,"KLAMATH HEALTH PARTNERSHIP, INC.",Klamath Health Partnership Administration Building,Klamath Falls,Klamath,Federally Qualified Health Center (FQHC),42.22332217,-121.78560583,9182.0,1116.0,4014.0,0.12154214768024396,0.43715966020474845
101230,VIRGINIA GARCIA MEMORIAL HEALTH CENTER,Tigard School Based Health Center,Tigard,Washington,Federally Qualified Health Center (FQHC),45.40426252,-122.76878496,48320.0,5313.0,33973.0,0.10995447019867549,0.7030836092715231
106290,OUTSIDE IN,Outside In East Side,Portland,Multnomah,Federally Qualified Health Center (FQHC),45.52206371,-122.49696688,5847.0,922.0,3653.0,0.1576877030956046,0.6247648366683769
101120,Multnomah County,Mid County Health Center,Portland,Multnomah,Federally Qualified Health Center (FQHC),45.50400021,-122.53225704,54930.0,3549.0,44369.0,0.06460950300382305,0.807737119970872
107660,CENTRAL CITY CONCERN,The Biltmore Building,Portland,Multnomah,Federally Qualified Health Center (FQHC),45.52524439,-122.67581717,11360.0,536.0,8679.0,0.047183098591549295,0.7639964788732394
101120,Multnomah County,North Portland Health Center,Portland,Multnomah,Federally Qualified Health Center (FQHC),45.5924774,-122.7571663,54930.0,3549.0,44369.0,0.06460950300382305,0.807737119970872
100760,"NORTHWEST HUMAN SERVICES, INC.",West Salem Dental Clinic,Salem,Polk,Federally Qualified Health Center (FQHC),44.94003517,-123.05978888,12642.0,734.0,7888.0,0.05806043347571587,0.6239519063439329
102080,ONE COMMUNITY HEALTH,Mobile Health Unit1,Hood River,Hood River,Federally Qualified Health Center (FQHC),45.69657422,-121.5194172,24400.0,2165.0,10545.0,0.08872950819672132,0.432172131147541
101030,YAKIMA VALLEY FARM WORKERS CLINIC,Mirasol Family Health Center,Hermiston,Umatilla,Federally Qualified Health Center (FQHC),45.84531457,-119.31093592,202651.0,20211.0,133722.0,0.09973303857370554,0.659863509185743
102360,COUNTY OF TILLAMOOK,Tillamook CHC 8th Street Annex,Tillamook,Tillamook,Federally Qualified Health Center (FQHC),45.45258645,-123.84251296,6021.0,1361.0,2332.0,0.22604218568344128,0.3873110778940375
102970,ROGUE COMMUNITY HEALTH,Ashland School Health Center,Ashland,Jackson,Federally Qualified Health Center (FQHC),42.19040761,-122.69927024,14401.0,767.0,8741.0,0.05326019026456496,0.6069717380737448
101310,COUNTY OF CLACKAMAS,Oregon City High School SBHC,Oregon City,Clackamas,Federally Qualified Health Center (FQHC),45.32130313,-122.55991883,17686.0,1210.0,13255.0,0.0684156960307588,0.7494628519733122
10E00506,NEIGHBORHOOD HEALTH CENTER,NHC Milwaukie Dental,Portland,Clackamas,Federally Qualified Health Center (FQHC),45.45025427,-122.62845539,19718.0,1522.0,14066.0,0.07718835581701998,0.713358352774115
102970,ROGUE COMMUNITY HEALTH,Prospect Charter School,Prospect,Jackson,Federally Qualified Health Center (FQHC),42.75197191,-122.48881322,14401.0,767.0,8741.0,0.05326019026456496,0.6069717380737448
101630,VALLEY FAMILY HEALTH CARE INC,Valley Family Health Care - Vale Medical Clinic,Vale,Malheur,Federally Qualified Health Center (FQHC),43.9826075,-117.24763339,23306.0,3289.0,10450.0,0.14112245773620527,0.4483823908006522
101120,Multnomah County,Reynolds High School Student Health Center,Troutdale,Multnomah,Federally Qualified Health Center (FQHC),45.52806101,-122.40159097,54930.0,3549.0,44369.0,0.06460950300382305,0.807737119970872
10E00467,ADAPT,FQHC - Jackson Street,Roseburg,Douglas,Federally Qualified Health Center (FQHC),43.20911303,-123.34397304,7895.0,100.0,4540.0,0.01266624445851805,0.5750474984167194
100760,"NORTHWEST HUMAN SERVICES, INC.","NORTHWEST HUMAN SERVICES, INC.",Salem,Marion,Federally Qualified Health Center (FQHC),44.94216535,-123.0325306,12642.0,734.0,7888.0,0.05806043347571587,0.6239519063439329
105600,MOSAIC COMMUNITY HEALTH,Courtney Health Center,Bend,Deschutes,Federally Qualified Health Center (FQHC),44.0725985,-121.26682746,28112.0,1349.0,14734.0,0.047986624928856005,0.5241178144564599
101120,Multnomah County,Northeast Health Center,Portland,Multnomah,Federally Qualified Health Center (FQHC),45.56216747,-122.66153876,54930.0,3549.0,44369.0,0.06460950300382305,0.807737119970872
101230,VIRGINIA GARCIA MEMORIAL HEALTH CENTER,Hillsboro School-Based Health Center,Hillsboro,Washington,Federally Qualified Health Center (FQHC),45.50538062,-122.9166155,48320.0,5313.0,33973.0,0.10995447019867549,0.7030836092715231
100760,"NORTHWEST HUMAN SERVICES, INC.",QuickCare Clinic,Salem,Polk,Federally Qualified Health Center (FQHC),44.94022502,-123.05987538,12642.0,734.0,7888.0,0.05806043347571587,0.6239519063439329
10E00062,NEHALEM BAY HEALTH CENTER AND PHARMACY,Nehalem Elementary School,Nehalem,Tillamook,Federally Qualified Health Center (FQHC),45.72066386,-123.89526003,1424.0,,428.0,0.0,0.300561797752809
100790,LA CLINCA DEL VALLE FAMILY HEALTH CENTER INC,La Clinica School-Based Health Center at Phoenix High School,Phoenix,Jackson,Federally Qualified Health Center (FQHC),42.27643155,-122.82314831,23919.0,2060.0,15095.0,0.08612400183954179,0.6310882561980016
100700,WHITE BIRD CLINIC,Harm Reduction & Treatment Center,Eugene,Lane,Federally Qualified Health Center (FQHC),44.05276969,-123.11249496,4902.0,1202.0,3261.0,0.2452060383516932,0.6652386780905752
100790,LA CLINCA DEL VALLE FAMILY HEALTH CENTER INC,Birch Grove Health Center--La Clinica,Medford,Jackson,Federally Qualified Health Center (FQHC),42.31870555,-122.8654589,23919.0,2060.0,15095.0,0.08612400183954179,0.6310882561980016
102080,ONE COMMUNITY HEALTH,One Community Health - Hood River Middle School,Hood River,Hood River,Federally Qualified Health Center (FQHC),45.70407435,-121.5274448,24400.0,2165.0,10545.0,0.08872950819672132,0.432172131147541
105600,MOSAIC COMMUNITY HEALTH,Mosaic Pharmacy - Redmond,Redmond,Deschutes,Federally Qualified Health Center (FQHC),44.2648489,-121.17953966,28112.0,1349.0,14734.0,0.047986624928856005,0.5241178144564599
102400,ASHER COMMUNITY HEALTH CENTER,ASHER CLINIC,Fossil,Wheeler,Federally Qualified Health Center (FQHC),44.99828533,-120.21238446,1551.0,158.0,513.0,0.10186976144422953,0.3307543520309478
105600,MOSAIC COMMUNITY HEALTH,Mosaic Pharmacy - Madras,Madras,Jefferson,Federally Qualified Health Center (FQHC),44.63741074,-121.11891159,28112.0,1349.0,14734.0,0.047986624928856005,0.5241178144564599
10E00467,ADAPT,FQHC - Main Winston,Winston,Douglas,Federally Qualified Health Center (FQHC),43.11428474,-123.41625681,7895.0,100.0,4540.0,0.01266624445851805,0.5750474984167194
102080,ONE COMMUNITY HEALTH,One Community Health -- The Dalles Express Clinic,The Dalles,Wasco,Federally Qualified Health Center (FQHC),45.60751506,-121.20545573,24400.0,2165.0,10545.0,0.08872950819672132,0.432172131147541
1014200,COUNTY OF LINCOLN,Coastal Healthcare - Newport,Newport,Lincoln,Federally Qualified Health Center (FQHC),44.63601017,-124.0556578,3163.0,288.0,1476.0,0.09105279797660448,0.466645589630098
1014200,COUNTY OF LINCOLN,WALDPORT SCHOOL BASED HEALTH CENTER,Waldport,Lincoln,Federally Qualified Health Center (FQHC),44.40403434,-124.06550518,3163.0,288.0,1476.0,0.09105279797660448,0.466645589630098
10E00062,NEHALEM BAY HEALTH CENTER AND PHARMACY,Nehalem Bay Health Center & Pharmacy,Wheeler,Tillamook,Federally Qualified Health Center (FQHC),45.68918566,-123.8827782,1424.0,,428.0,0.0,0.300561797752809
1010810,BENTON COUNTY,East Linn Health Center,Lebanon,Linn,Federally Qualified Health Center (FQHC),44.54967695,-122.90933749,10514.0,1636.0,5784.0,0.15560205440365227,0.5501236446642572
10E01418,CASCADIA HEALTH,Cascadia Garlington Health Center,Portland,Multnomah,Federally Qualified Health Center (FQHC) Look-Alike,45.54499865,-122.66152409,,,,,
10E01202,WINDING WATERS MEDICAL CLINIC,Winding Waters Hearts for Health,Enterprise,Wallowa,Federally Qualified Health Center (FQHC),45.43167046,-117.28548531,5705.0,378.0,1897.0,0.06625766871165645,0.3325153374233129
102360,COUNTY OF TILLAMOOK,TILLAMOOK COUNTY HEALTH DEPARTMENT,Tillamook,Tillamook,Federally Qualified Health Center (FQHC),45.45244937,-123.84313699,6021.0,1361.0,2332.0,0.22604218568344128,0.3873110778940375
1018560,LA PINE COMMUNITY HEALTH CENTER,Gilchrist School Based Health Center,Gilchrist,Klamath,Federally Qualified Health Center (FQHC),43.47854928,-121.68630185,6611.0,245.0,2533.0,0.03705944637725004,0.38314929662683406
100790,LA CLINCA DEL VALLE FAMILY HEALTH CENTER INC,La Clinica School-Based Health Center at Talent Elementary School,Talent,Jackson,Federally Qualified Health Center (FQHC),42.2412971,-122.79243675,23919.0,2060.0,15095.0,0.08612400183954179,0.6310882561980016
102970,ROGUE COMMUNITY HEALTH,Eagle Point Health Center,Eagle Point,Jackson,Federally Qualified Health Center (FQHC),42.47269557,-122.81187063,14401.0,767.0,8741.0,0.05326019026456496,0.6069717380737448
107880,"THE NATIVE AMERICAN REHABILITATION ASSOCIATION OF THE NORTHWEST, INCORPORATED",NARA Adult Mental Health and Housing Services,Portland,Multnomah,Federally Qualified Health Center (FQHC),45.51754888,-122.69145487,5025.0,493.0,3097.0,0.09810945273631841,0.616318407960199
10E00506,NEIGHBORHOOD HEALTH CENTER,NHC Mobile Medical,Portland,Washington,Federally Qualified Health Center (FQHC),45.42617549,-122.75263974,19718.0,1522.0,14066.0,0.07718835581701998,0.713358352774115
10E01385,CASCADE AIDS PROJECT,Prism Health,Portland,Multnomah,Federally Qualified Health Center (FQHC) Look-Alike,45.54469041,-122.66697585,,,,,
102970,ROGUE COMMUNITY HEALTH,White City Health Center,White City,Jackson,Federally Qualified Health Center (FQHC),42.43791658,-122.83526041,14401.0,767.0,8741.0,0.05326019026456496,0.6069717380737448
1010810,BENTON COUNTY,CHILDREN'S FARM HOME,Corvallis,Benton,Federally Qualified Health Center (FQHC),44.60848262,-123.21757653,10514.0,1636.0,5784.0,0.15560205440365227,0.5501236446642572
107660,CENTRAL CITY CONCERN,16 x BRC Primary Care Clinic,Portland,Multnomah,Federally Qualified Health Center (FQHC),45.52286096,-122.64924234,11360.0,536.0,8679.0,0.047183098591549295,0.7639964788732394
100790,LA CLINCA DEL VALLE FAMILY HEALTH CENTER INC,La Clinica School-Based Health Center at Talent Middle School,Talent,Jackson,Federally Qualified Health Center (FQHC),42.23992048,-122.79322341,23919.0,2060.0,15095.0,0.08612400183954179,0.6310882561980016
10E00492,THE WALLACE MEDICAL CONCERN,Wallace Mobile Van,Portland,Multnomah,Federally Qualified Health Center (FQHC),45.51922878,-122.47104258,7140.0,879.0,5622.0,0.123109243697479,0.7873949579831933
10E00506,NEIGHBORHOOD HEALTH CENTER,NHC Mobile Dental,Portland,Washington,Federally Qualified Health Center (FQHC),45.42617549,-122.75263974,19718.0,1522.0,14066.0,0.07718835581701998,0.713358352774115
100150,"SISKIYOU COMMUNITY HEALTH CENTER, INC.",EVERGREEN ELEMENTARY SCHOOL BASED HEALTH CENTER,Cave Junction,Josephine,Federally Qualified Health Center (FQHC),42.16937792,-123.65264609,21248.0,1255.0,11291.0,0.05906438253012048,0.5313911897590361
101120,Multnomah County,Multnomah Mobile Clinic,Portland,Multnomah,Federally Qualified Health Center (FQHC),45.51125579,-122.46794773,54930.0,3549.0,44369.0,0.06460950300382305,0.807737119970872
1014200,COUNTY OF LINCOLN,TAFT SCHOOL BASED HEALTH CENTER,Lincoln City,Lincoln,Federally Qualified Health Center (FQHC),44.93795801,-124.01816019,3163.0,288.0,1476.0,0.09105279797660448,0.466645589630098
100790,LA CLINCA DEL VALLE FAMILY HEALTH CENTER INC,La Clinica School-Based Health Center at Washington Elementary School,Medford,Jackson,Federally Qualified Health Center (FQHC),42.31699677,-122.88266485,23919.0,2060.0,15095.0,0.08612400183954179,0.6310882561980016
10E00506,NEIGHBORHOOD HEALTH CENTER,NHC Oregon City Dental Clinic,Oregon City,Clackamas,Federally Qualified Health Center (FQHC),45.33066501,-122.5727118,19718.0,1522.0,14066.0,0.07718835581701998,0.713358352774115
101230,VIRGINIA GARCIA MEMORIAL HEALTH CENTER,VIRGINIA GARCIA MEMORIAL HEALTH CENTER- HILLSBORO,Hillsboro,Washington,Federally Qualified Health Center (FQHC),45.52096493,-122.97726561,48320.0,5313.0,33973.0,0.10995447019867549,0.7030836092715231
100790,LA CLINCA DEL VALLE FAMILY HEALTH CENTER INC,La Clinica at The OHRA Center,Ashland,Jackson,Federally Qualified Health Center (FQHC),42.18533199,-122.66942521,23919.0,2060.0,15095.0,0.08612400183954179,0.6310882561980016
101310,COUNTY OF CLACKAMAS,Lake Road Health Center,Milwaukie,Clackamas,Federally Qualified Health Center (FQHC),45.42568666,-122.59493121,17686.0,1210.0,13255.0,0.0684156960307588,0.7494628519733122
106290,OUTSIDE IN,OUTSIDE IN,Portland,Multnomah,Federally Qualified Health Center (FQHC),45.51770265,-122.68677969,5847.0,922.0,3653.0,0.1576877030956046,0.6247648366683769
103100,"UMPQUA COMMUNITY HEALTH CENTER, INC.",UMPQUA COMM HLTH CTR @ DRAIN,Drain,Douglas,Federally Qualified Health Center (FQHC),43.66215703,-123.3179396,18139.0,922.0,9987.0,0.05082970395280886,0.5505816197144274
102910,"KLAMATH HEALTH PARTNERSHIP, INC.",Klamath Open Door Family Practice,Klamath Falls,Klamath,Federally Qualified Health Center (FQHC),42.21570084,-121.76580844,9182.0,1116.0,4014.0,0.12154214768024396,0.43715966020474845
107660,CENTRAL CITY CONCERN,Old Town Recovery Center,Portland,Multnomah,Federally Qualified Health Center (FQHC),45.52344069,-122.67749749,11360.0,536.0,8679.0,0.047183098591549295,0.7639964788732394
100790,LA CLINCA DEL VALLE FAMILY HEALTH CENTER INC,La Clinica School-Based Health Center at Hanby Middle School,Gold Hill,Jackson,Federally Qualified Health Center (FQHC),42.43486247,-123.05516014,23919.0,2060.0,15095.0,0.08612400183954179,0.6310882561980016
107920,LANE COUNTY OREGON,Lane County Treatment Center,Eugene,Lane,Federally Qualified Health Center (FQHC),44.0477216,-123.0992534,28346.0,6323.0,16750.0,0.2230649827136104,0.5909122980314683
107880,"THE NATIVE AMERICAN REHABILITATION ASSOCIATION OF THE NORTHWEST, INCORPORATED",RiverHouse,Portland,Multnomah,Federally Qualified Health Center (FQHC),45.50592134,-122.66407907,5025.0,493.0,3097.0,0.09810945273631841,0.616318407960199
1014200,COUNTY OF LINCOLN,Coastal Healthcare - Waldport,Waldport,Lincoln,Federally Qualified Health Center (FQHC),44.42928063,-124.06202268,3163.0,288.0,1476.0,0.09105279797660448,0.466645589630098
100790,LA CLINCA DEL VALLE FAMILY HEALTH CENTER INC,La Clinica School Based Health Center at Armadillo Community Charter School,Phoenix,Jackson,Federally Qualified Health Center (FQHC),42.27252801,-122.81780862,23919.0,2060.0,15095.0,0.08612400183954179,0.6310882561980016
1010810,BENTON COUNTY,BENTON HEALTH CENTER,Corvallis,Benton,Federally Qualified Health Center (FQHC),44.5732684,-123.28117573,10514.0,1636.0,5784.0,0.15560205440365227,0.5501236446642572
101230,VIRGINIA GARCIA MEMORIAL HEALTH CENTER,VIRGINIA GARCIA MOBILE VAN 2,Cornelius,Washington,Federally Qualified Health Center (FQHC),45.5209016,-123.05763549,48320.0,5313.0,33973.0,0.10995447019867549,0.7030836092715231
100700,WHITE BIRD CLINIC,White Bird Street Medicine,Eugene,Lane,Federally Qualified Health Center (FQHC),44.04418205,-123.08674014,4902.0,1202.0,3261.0,0.2452060383516932,0.6652386780905752
100700,WHITE BIRD CLINIC,White Bird Clinic Crisis Services,Eugene,Lane,Federally Qualified Health Center (FQHC),44.05213555,-123.10772314,4902.0,1202.0,3261.0,0.2452060383516932,0.6652386780905752
100790,LA CLINCA DEL VALLE FAMILY HEALTH CENTER INC,La Clinica School-Based Health Center at Oak Grove Elementary School,Medford,Jackson,Federally Qualified Health Center (FQHC),42.32378972,-122.90950211,23919.0,2060.0,15095.0,0.08612400183954179,0.6310882561980016
102360,COUNTY OF TILLAMOOK,Tillamook CHC Dental Clinic,Tillamook,Tillamook,Federally Qualified Health Center (FQHC),45.45204762,-123.84498361,6021.0,1361.0,2332.0,0.22604218568344128,0.3873110778940375
105600,MOSAIC COMMUNITY HEALTH,Prineville Health Center,Prineville,Crook,Federally Qualified Health Center (FQHC),44.30353955,-120.84835633,28112.0,1349.0,14734.0,0.047986624928856005,0.5241178144564599
102970,ROGUE COMMUNITY HEALTH,Rogue Main St Dental,Medford,Jackson,Federally Qualified Health Center (FQHC),42.32786052,-122.86196197,14401.0,767.0,8741.0,0.05326019026456496,0.6069717380737448
10E01418,CASCADIA HEALTH,Cascadia Plaza Health Center 200,Portland,Multnomah,Federally Qualified Health Center (FQHC) Look-Alike,45.50524655,-122.61835562,,,,,
100790,LA CLINCA DEL VALLE FAMILY HEALTH CENTER INC,Women's Health Center--La Clinica,Medford,Jackson,Federally Qualified Health Center (FQHC),42.31282694,-122.86517232,23919.0,2060.0,15095.0,0.08612400183954179,0.6310882561980016
101120,Multnomah County,Billi Odegaard Dental Clinic,Portland,Multnomah,Federally Qualified Health Center (FQHC),45.52342602,-122.67749296,54930.0,3549.0,44369.0,0.06460950300382305,0.807737119970872
101030,YAKIMA VALLEY FARM WORKERS CLINIC,Rosewood Family Health Center,Portland,Multnomah,Federally Qualified Health Center (FQHC),45.49701666,-122.57231785,202651.0,20211.0,133722.0,0.09973303857370554,0.659863509185743
107660,CENTRAL CITY CONCERN,Health Services Leadership Office,Portland,Multnomah,Federally Qualified Health Center (FQHC),45.52295437,-122.67800652,11360.0,536.0,8679.0,0.047183098591549295,0.7639964788732394
102360,COUNTY OF TILLAMOOK,Mobile Clinic,Tillamook,Tillamook,Federally Qualified Health Center (FQHC),45.48648132,-123.84696798,6021.0,1361.0,2332.0,0.22604218568344128,0.3873110778940375
107660,CENTRAL CITY CONCERN,Mobile Service Unit 01,Portland,Multnomah,Federally Qualified Health Center (FQHC),45.51583621,-122.66242196,11360.0,536.0,8679.0,0.047183098591549295,0.7639964788732394
100790,LA CLINCA DEL VALLE FAMILY HEALTH CENTER INC,Phoenix Health Center--La Clinica,Medford,Jackson,Federally Qualified Health Center (FQHC),42.28691517,-122.83227528,23919.0,2060.0,15095.0,0.08612400183954179,0.6310882561980016
10E01418,CASCADIA HEALTH,Cascadia Woodland Park Health Center,Portland,Multnomah,Federally Qualified Health Center (FQHC) Look-Alike,45.53632414,-122.55590633,,,,,
105600,MOSAIC COMMUNITY HEALTH,Lynch School-Based Health Center,Redmond,Deschutes,Federally Qualified Health Center (FQHC),44.26660256,-121.18234802,28112.0,1349.0,14734.0,0.047986624928856005,0.5241178144564599
10E00506,NEIGHBORHOOD HEALTH CENTER,NHC Dental at Milwaukie High School Health and Wellness Center,Portland,Clackamas,Federally Qualified Health Center (FQHC),45.44060347,-122.63759527,19718.0,1522.0,14066.0,0.07718835581701998,0.713358352774115
1010810,BENTON COUNTY,LINCOLN HEALTH CENTER,Corvallis,Benton,Federally Qualified Health Center (FQHC),44.54368292,-123.26526277,10514.0,1636.0,5784.0,0.15560205440365227,0.5501236446642572
10E00506,NEIGHBORHOOD HEALTH CENTER,NHC Hillsboro Reproductive Health Clinic,Hillsboro,Washington,Federally Qualified Health Center (FQHC),45.52267442,-122.99266887,19718.0,1522.0,14066.0,0.07718835581701998,0.713358352774115
1014200,COUNTY OF LINCOLN,TOLEDO SCHOOL BASED HEALTH CENTER,Toledo,Lincoln,Federally Qualified Health Center (FQHC),44.633378,-123.92339414,3163.0,288.0,1476.0,0.09105279797660448,0.466645589630098
101230,VIRGINIA GARCIA MEMORIAL HEALTH CENTER,Virginia Garcia/LifeWorks NW Beaverton,Beaverton,Washington,Federally Qualified Health Center (FQHC),45.48649247,-122.78662299,48320.0,5313.0,33973.0,0.10995447019867549,0.7030836092715231
101230,VIRGINIA GARCIA MEMORIAL HEALTH CENTER,Virginia Garcia Memorial Health Center - Hillsboro 7th Avenue,Hillsboro,Washington,Federally Qualified Health Center (FQHC),45.52078451,-122.9789839,48320.0,5313.0,33973.0,0.10995447019867549,0.7030836092715231
102970,ROGUE COMMUNITY HEALTH,Rogue Behavioral Health,Medford,Jackson,Federally Qualified Health Center (FQHC),42.32786047,-122.86138152,14401.0,767.0,8741.0,0.05326019026456496,0.6069717380737448
100790,LA CLINCA DEL VALLE FAMILY HEALTH CENTER INC,La Clinica School Based Health Center at Central Point Elementary School,Central Point,Jackson,Federally Qualified Health Center (FQHC),42.37245714,-122.91155836,23919.0,2060.0,15095.0,0.08612400183954179,0.6310882561980016
100150,"SISKIYOU COMMUNITY HEALTH CENTER, INC.",Siskiyou Community Health Center,Grants Pass,Josephine,Federally Qualified Health Center (FQHC),42.43779119,-123.31766417,21248.0,1255.0,11291.0,0.05906438253012048,0.5313911897590361
107660,CENTRAL CITY CONCERN,Hooper Detoxification and Stabilization Center,Portland,Multnomah,Federally Qualified Health Center (FQHC),45.53403047,-122.66677804,11360.0,536.0,8679.0,0.047183098591549295,0.7639964788732394
1010860,"WATERFALL CLINIC, INCORPORATED",Waterfall Dental Services,North Bend,Coos,Federally Qualified Health Center (FQHC),43.38856031,-124.23766588,5606.0,393.0,2443.0,0.07010346057795219,0.435783089546914
107660,CENTRAL CITY CONCERN,Hooper Detoxification and Stabilization Center,Portland,Multnomah,Federally Qualified Health Center (FQHC),45.53435586,-122.66708431,11360.0,536.0,8679.0,0.047183098591549295,0.7639964788732394
106290,OUTSIDE IN,Outside In BH,Portland,Multnomah,Federally Qualified Health Center (FQHC),45.51692707,-122.68497247,5847.0,922.0,3653.0,0.1576877030956046,0.6247648366683769
10E00506,NEIGHBORHOOD HEALTH CENTER,NHC Tanasbourne Medical & Dental Clinic,Hillsboro,Washington,Federally Qualified Health Center (FQHC),45.53418529,-122.86982805,19718.0,1522.0,14066.0,0.07718835581701998,0.713358352774115
105600,MOSAIC COMMUNITY HEALTH,Bend High School-Based Health Center,Bend,Deschutes,Federally Qualified Health Center (FQHC),44.05281575,-121.29719082,28112.0,1349.0,14734.0,0.047986624928856005,0.5241178144564599
100150,"SISKIYOU COMMUNITY HEALTH CENTER, INC.",NORTH VALLEY HIGH SCHOOL SCHOOL BASED HEALTH CENTER,Grants Pass,Josephine,Federally Qualified Health Center (FQHC),42.51840598,-123.37041802,21248.0,1255.0,11291.0,0.05906438253012048,0.5313911897590361
101120,Multnomah County,Fernhill Health Center,Portland,Multnomah,Federally Qualified Health Center (FQHC),45.56300871,-122.62032891,54930.0,3549.0,44369.0,0.06460950300382305,0.807737119970872
100150,"SISKIYOU COMMUNITY HEALTH CENTER, INC.",CAREVAN,Grants Pass,Josephine,Federally Qualified Health Center (FQHC),42.45905972,-123.32750494,21248.0,1255.0,11291.0,0.05906438253012048,0.5313911897590361
100790,LA CLINCA DEL VALLE FAMILY HEALTH CENTER INC,Central Point Health Center--La Clinica,Central Point,Jackson,Federally Qualified Health Center (FQHC),42.38787922,-122.89170021,23919.0,2060.0,15095.0,0.08612400183954179,0.6310882561980016
10E00506,NEIGHBORHOOD HEALTH CENTER,NHC Milwaukie Medical Clinic,Portland,Clackamas,Federally Qualified Health Center (FQHC),45.44869876,-122.6297343,19718.0,1522.0,14066.0,0.07718835581701998,0.713358352774115
100700,WHITE BIRD CLINIC,WHITE BIRD CLINIC,Eugene,Lane,Federally Qualified Health Center (FQHC),44.04664495,-123.08774287,4902.0,1202.0,3261.0,0.2452060383516932,0.6652386780905752
101230,VIRGINIA GARCIA MEMORIAL HEALTH CENTER,VIRGINIA GARCIA MEMORIAL HEALTH CENTER- CORNELIUS DENTAL,Cornelius,Washington,Federally Qualified Health Center (FQHC),45.52030238,-123.05825751,48320.0,5313.0,33973.0,0.10995447019867549,0.7030836092715231
101310,COUNTY OF CLACKAMAS,Adrienne C. Nelson High School SBHC,Clackamas,Clackamas,Federally Qualified Health Center (FQHC),45.41552997,-122.49348102,17686.0,1210.0,13255.0,0.0684156960307588,0.7494628519733122
101030,YAKIMA VALLEY FARM WORKERS CLINIC,Coastal Family Health Center,Astoria,Clatsop,Federally Qualified Health Center (FQHC),46.18857539,-123.81765274,202651.0,20211.0,133722.0,0.09973303857370554,0.659863509185743
100790,LA CLINCA DEL VALLE FAMILY HEALTH CENTER INC,La Clinica Acute Care Clinic,Medford,Jackson,Federally Qualified Health Center (FQHC),42.33752657,-122.86973317,23919.0,2060.0,15095.0,0.08612400183954179,0.6310882561980016
10E00506,NEIGHBORHOOD HEALTH CENTER,NHC Tualatin SBHC,Tualatin,Washington,Federally Qualified Health Center (FQHC),45.35900401,-122.77469244,19718.0,1522.0,14066.0,0.07718835581701998,0.713358352774115
101230,VIRGINIA GARCIA MEMORIAL HEALTH CENTER,VIRGINIA GARCIA MEMORIAL HEALTH CENTER - SHERIDAN,Sheridan,Yamhill,Federally Qualified Health Center (FQHC),45.09404195,-123.3937322,48320.0,5313.0,33973.0,0.10995447019867549,0.7030836092715231
107660,CENTRAL CITY CONCERN,Hansen Clinic at Banfield Value Inn,Portland,Multnomah,Federally Qualified Health Center (FQHC),45.53365098,-122.62590335,11360.0,536.0,8679.0,0.047183098591549295,0.7639964788732394
100790,LA CLINCA DEL VALLE FAMILY HEALTH CENTER INC,La Clinica School-Based Health Center at Crater High School,Central Point,Jackson,Federally Qualified Health Center (FQHC),42.38079622,-122.92105405,23919.0,2060.0,15095.0,0.08612400183954179,0.6310882561980016
102400,ASHER COMMUNITY HEALTH CENTER,MITCHELL SATELLITE CLINIC,Mitchell,Wheeler,Federally Qualified Health Center (FQHC),44.56526825,-120.14715582,1551.0,158.0,513.0,0.10186976144422953,0.3307543520309478
101630,VALLEY FAMILY HEALTH CARE INC,Valley Family Women and Children Clinic,Ontario,Malheur,Federally Qualified Health Center (FQHC),44.0247647,-116.97476162,23306.0,3289.0,10450.0,0.14112245773620527,0.4483823908006522
101310,COUNTY OF CLACKAMAS,Sunnyside Health Center,Clackamas,Clackamas,Federally Qualified Health Center (FQHC),45.43344357,-122.56321074,17686.0,1210.0,13255.0,0.0684156960307588,0.7494628519733122
102080,ONE COMMUNITY HEALTH,One Community Health - Wy'east Middle School,Hood River,Hood River,Federally Qualified Health Center (FQHC),45.63777199,-121.55522042,24400.0,2165.0,10545.0,0.08872950819672132,0.432172131147541
10E00492,THE WALLACE MEDICAL CONCERN,Wallace Downtown Rockwood,Portland,Multnomah,Federally Qualified Health Center (FQHC),45.51922878,-122.47104258,7140.0,879.0,5622.0,0.123109243697479,0.7873949579831933
1010860,"WATERFALL CLINIC, INCORPORATED",North Bay Health Center,North Bend,Coos,Federally Qualified Health Center (FQHC),43.50239473,-124.21091387,5606.0,393.0,2443.0,0.07010346057795219,0.435783089546914
10E00507,OREGON HEALTH & SCIENCE UNIVERSITY,Benson Wellness Center,Portland,Multnomah,Federally Qualified Health Center (FQHC),45.52727788,-122.65355961,12932.0,235.0,5412.0,0.018171976492421898,0.4184967522424992
103100,"UMPQUA COMMUNITY HEALTH CENTER, INC.",Mobile Unit 41,Roseburg,Douglas,Federally Qualified Health Center (FQHC),43.26188524,-123.35016458,18139.0,922.0,9987.0,0.05082970395280886,0.5505816197144274
107660,CENTRAL CITY CONCERN,Golden West Clinic,Portland,Multnomah,Federally Qualified Health Center (FQHC),45.52520806,-122.67785816,11360.0,536.0,8679.0,0.047183098591549295,0.7639964788732394
101230,VIRGINIA GARCIA MEMORIAL HEALTH CENTER,Willamina School Based Health Center,Willamina,Yamhill,Federally Qualified Health Center (FQHC),45.08534686,-123.47657558,48320.0,5313.0,33973.0,0.10995447019867549,0.7030836092715231
102080,ONE COMMUNITY HEALTH,One Community Health - Dufur School Health Center,Dufur,Wasco,Federally Qualified Health Center (FQHC),45.45490384,-121.12465504,24400.0,2165.0,10545.0,0.08872950819672132,0.432172131147541
100790,LA CLINCA DEL VALLE FAMILY HEALTH CENTER INC,La Clinica School-Based Health Center at Sams Valley Elementary School,Central Point,Jackson,Federally Qualified Health Center (FQHC),42.49343542,-122.93505233,23919.0,2060.0,15095.0,0.08612400183954179,0.6310882561980016
10E00492,THE WALLACE MEDICAL CONCERN,Wallace Student Health Center,Gresham,Multnomah,Federally Qualified Health Center (FQHC),45.50544353,-122.43105697,7140.0,879.0,5622.0,0.123109243697479,0.7873949579831933
100790,LA CLINCA DEL VALLE FAMILY HEALTH CENTER INC,La Clinica School-Based Health Center at Patrick Elementary School,Gold Hill,Jackson,Federally Qualified Health Center (FQHC),42.4334782,-123.06286697,23919.0,2060.0,15095.0,0.08612400183954179,0.6310882561980016
103100,"UMPQUA COMMUNITY HEALTH CENTER, INC.",GLIDE CLINIC,Glide,Douglas,Federally Qualified Health Center (FQHC),43.3076563,-123.07718468,18139.0,922.0,9987.0,0.05082970395280886,0.5505816197144274
1010860,"WATERFALL CLINIC, INCORPORATED",Waterfall Clinic Marshfield High School,Coos Bay,Coos,Federally Qualified Health Center (FQHC),43.3596469,-124.22167496,5606.0,393.0,2443.0,0.07010346057795219,0.435783089546914
107920,LANE COUNTY OREGON,Charnelton Community Clinic,Eugene,Lane,Federally Qualified Health Center (FQHC),44.05215517,-123.09537517,28346.0,6323.0,16750.0,0.2230649827136104,0.5909122980314683
100760,"NORTHWEST HUMAN SERVICES, INC.",WEST SALEM CLINIC,Salem,Polk,Federally Qualified Health Center (FQHC),44.94003517,-123.05978888,12642.0,734.0,7888.0,0.05806043347571587,0.6239519063439329
1010860,"WATERFALL CLINIC, INCORPORATED",Waterfall School Based Health Center,Coos Bay,Coos,Federally Qualified Health Center (FQHC),43.36083864,-124.22319964,5606.0,393.0,2443.0,0.07010346057795219,0.435783089546914
101310,COUNTY OF CLACKAMAS,Sandy Health Center,Sandy,Clackamas,Federally Qualified Health Center (FQHC),45.39738806,-122.25466132,17686.0,1210.0,13255.0,0.0684156960307588,0.7494628519733122
107880,"THE NATIVE AMERICAN REHABILITATION ASSOCIATION OF THE NORTHWEST, INCORPORATED",Bear Lodge,Portland,Multnomah,Federally Qualified Health Center (FQHC),45.53513743,-122.62524814,5025.0,493.0,3097.0,0.09810945273631841,0.616318407960199
101030,YAKIMA VALLEY FARM WORKERS CLINIC,Lancaster Family Health Center at Lancaster,Salem,Marion,Federally Qualified Health Center (FQHC),44.9299136,-122.9833471,202651.0,20211.0,133722.0,0.09973303857370554,0.659863509185743
1010860,"WATERFALL CLINIC, INCORPORATED",Waterfall Behavior Health Center,Coos Bay,Coos,Federally Qualified Health Center (FQHC),43.37700098,-124.21517685,5606.0,393.0,2443.0,0.07010346057795219,0.435783089546914
1014200,COUNTY OF LINCOLN,NEWPORT SCHOOL BASED HEALTH CENTER,Newport,Lincoln,Federally Qualified Health Center (FQHC),44.63876258,-124.04672068,3163.0,288.0,1476.0,0.09105279797660448,0.466645589630098
105600,MOSAIC COMMUNITY HEALTH,Kingwood Health Center,Redmond,Deschutes,Federally Qualified Health Center (FQHC),44.28733478,-121.1713031,28112.0,1349.0,14734.0,0.047986624928856005,0.5241178144564599
100790,LA CLINCA DEL VALLE FAMILY HEALTH CENTER INC,La Clinica Rogue River Health Center,Rogue River,Jackson,Federally Qualified Health Center (FQHC),42.4357284,-123.16883493,23919.0,2060.0,15095.0,0.08612400183954179,0.6310882561980016
100790,LA CLINCA DEL VALLE FAMILY HEALTH CENTER INC,La Clinica School-Based Health Center at Ashland High School,Ashland,Jackson,Federally Qualified Health Center (FQHC),42.19040761,-122.69927024,23919.0,2060.0,15095.0,0.08612400183954179,0.6310882561980016
101310,COUNTY OF CLACKAMAS,Clackamas Health Centers Administration,Oregon City,Clackamas,Federally Qualified Health Center (FQHC),45.33289899,-122.59803746,17686.0,1210.0,13255.0,0.0684156960307588,0.7494628519733122
100700,WHITE BIRD CLINIC,Chrysalis Behavioral Health,Eugene,Lane,Federally Qualified Health Center (FQHC),44.04772324,-123.08754488,4902.0,1202.0,3261.0,0.2452060383516932,0.6652386780905752
10E01418,CASCADIA HEALTH,Cascadia Plaza Health Center,Portland,Multnomah,Federally Qualified Health Center (FQHC) Look-Alike,45.50524651,-122.61835713,,,,,
105600,MOSAIC COMMUNITY HEALTH,Mosaic Pharmacy - Prineville,Prineville,Crook,Federally Qualified Health Center (FQHC),44.30354005,-120.84836195,28112.0,1349.0,14734.0,0.047986624928856005,0.5241178144564599
1018560,LA PINE COMMUNITY HEALTH CENTER,La Pine School Based Health Center,La Pine,Deschutes,Federally Qualified Health Center (FQHC),43.67856054,-121.50553895,6611.0,245.0,2533.0,0.03705944637725004,0.38314929662683406
101120,Multnomah County,Southeast Health Center,Portland,Multnomah,Federally Qualified Health Center (FQHC),45.49604993,-122.62930054,54930.0,3549.0,44369.0,0.06460950300382305,0.807737119970872
107920,LANE COUNTY OREGON,South Lane Clinic,Cottage Grove,Lane,Federally Qualified Health Center (FQHC),43.78826277,-123.07001397,28346.0,6323.0,16750.0,0.2230649827136104,0.5909122980314683
102970,ROGUE COMMUNITY HEALTH,East McAndrews Suite 102,Medford,Jackson,Federally Qualified Health Center (FQHC),42.34105078,-122.86824756,14401.0,767.0,8741.0,0.05326019026456496,0.6069717380737448
105600,MOSAIC COMMUNITY HEALTH,Mobile Clinic,Prineville,Crook,Federally Qualified Health Center (FQHC),44.30353955,-120.84835633,28112.0,1349.0,14734.0,0.047986624928856005,0.5241178144564599
107660,CENTRAL CITY CONCERN,Old Town Clinic,Portland,Multnomah,Federally Qualified Health Center (FQHC),45.52295416,-122.67801725,11360.0,536.0,8679.0,0.047183098591549295,0.7639964788732394
102910,"KLAMATH HEALTH PARTNERSHIP, INC.",SBHC-Mazama High,Klamath Falls,Klamath,Federally Qualified Health Center (FQHC),42.19792786,-121.73772085,9182.0,1116.0,4014.0,0.12154214768024396,0.43715966020474845
107920,LANE COUNTY OREGON,Riverstone Clinic,Springfield,Lane,Federally Qualified Health Center (FQHC),44.05962596,-122.99469796,28346.0,6323.0,16750.0,0.2230649827136104,0.5909122980314683
107660,CENTRAL CITY CONCERN,Mobile Service Unit 2,Portland,Multnomah,Federally Qualified Health Center (FQHC),45.51583621,-122.66242196,11360.0,536.0,8679.0,0.047183098591549295,0.7639964788732394
102970,ROGUE COMMUNITY HEALTH,Behavioral/Integrative Health Services,Medford,Jackson,Federally Qualified Health Center (FQHC),42.3278588,-122.86274677,14401.0,767.0,8741.0,0.05326019026456496,0.6069717380737448
100790,LA CLINCA DEL VALLE FAMILY HEALTH CENTER INC,La Clinica Student Health & Wellness Center at Southern Oregon University,Ashland,Jackson,Federally Qualified Health Center (FQHC),42.18474882,-122.69225517,23919.0,2060.0,15095.0,0.08612400183954179,0.6310882561980016
10E00467,ADAPT,FQHC Diamond Lake Blvd,Roseburg,Douglas,Federally Qualified Health Center (FQHC),43.21296774,-123.3134013,7895.0,100.0,4540.0,0.01266624445851805,0.5750474984167194
100790,LA CLINCA DEL VALLE FAMILY HEALTH CENTER INC,La Clinica School-Based Health Center at Orchard Hill Elementary School,Medford,Jackson,Federally Qualified Health Center (FQHC),42.30917478,-122.83152678,23919.0,2060.0,15095.0,0.08612400183954179,0.6310882561980016
101230,VIRGINIA GARCIA MEMORIAL HEALTH CENTER,VIRGINIA GARCIA MEMORIAL HEALTH CENTER- MCMINNVILLE,Mcminnville,Yamhill,Federally Qualified Health Center (FQHC),45.20146748,-123.1607629,48320.0,5313.0,33973.0,0.10995447019867549,0.7030836092715231
10E01202,WINDING WATERS MEDICAL CLINIC,Winding Waters Joseph,Joseph,Wallowa,Federally Qualified Health Center (FQHC),45.35551601,-117.22995973,5705.0,378.0,1897.0,0.06625766871165645,0.3325153374233129
100790,LA CLINCA DEL VALLE FAMILY HEALTH CENTER INC,La Clinica School-Based Health Center at Phoenix Elementary School,Phoenix,Jackson,Federally Qualified Health Center (FQHC),42.27332865,-122.81958223,23919.0,2060.0,15095.0,0.08612400183954179,0.6310882561980016
103100,"UMPQUA COMMUNITY HEALTH CENTER, INC.",UCHC Denture Lab,Roseburg,Douglas,Federally Qualified Health Center (FQHC),43.22691858,-123.35572304,18139.0,922.0,9987.0,0.05082970395280886,0.5505816197144274
101230,VIRGINIA GARCIA MEMORIAL HEALTH CENTER,Virginia Garcia Beaverton School Based Health Center,Beaverton,Washington,Federally Qualified Health Center (FQHC),45.48615187,-122.81078475,48320.0,5313.0,33973.0,0.10995447019867549,0.7030836092715231
107920,LANE COUNTY OREGON,West 11th Clinic,Eugene,Lane,Federally Qualified Health Center (FQHC),44.04800135,-123.14181964,28346.0,6323.0,16750.0,0.2230649827136104,0.5909122980314683
105600,MOSAIC COMMUNITY HEALTH,Redmond Health Center,Redmond,Deschutes,Federally Qualified Health Center (FQHC),44.26492002,-121.17953949,28112.0,1349.0,14734.0,0.047986624928856005,0.5241178144564599
101230,VIRGINIA GARCIA MEMORIAL HEALTH CENTER,Forest Grove School-Based Health Center,Forest Grove,Washington,Federally Qualified Health Center (FQHC),45.53385189,-123.1207586,48320.0,5313.0,33973.0,0.10995447019867549,0.7030836092715231
101120,Multnomah County,Roosevelt High School Student Health Center,Portland,Multnomah,Federally Qualified Health Center (FQHC),45.5885527,-122.73902812,54930.0,3549.0,44369.0,0.06460950300382305,0.807737119970872
102970,ROGUE COMMUNITY HEALTH,Table Rock Health Center,White City,Jackson,Federally Qualified Health Center (FQHC),42.43077864,-122.84047203,14401.0,767.0,8741.0,0.05326019026456496,0.6069717380737448
107660,CENTRAL CITY CONCERN,Cedar Commons,Portland,Multnomah,Federally Qualified Health Center (FQHC),45.50411688,-122.54586355,11360.0,536.0,8679.0,0.047183098591549295,0.7639964788732394
101230,VIRGINIA GARCIA MEMORIAL HEALTH CENTER,VIRGINIA GARCIA MEMORIAL HEALTH CENTER- CORNELIUS,Cornelius,Washington,Federally Qualified Health Center (FQHC),45.5209016,-123.05763549,48320.0,5313.0,33973.0,0.10995447019867549,0.7030836092715231
1014200,COUNTY OF LINCOLN,Western Title Building,Newport,Lincoln,Federally Qualified Health Center (FQHC),44.63398565,-124.05513712,3163.0,288.0,1476.0,0.09105279797660448,0.466645589630098
102970,ROGUE COMMUNITY HEALTH,Rogue Dental Clinic,Medford,Jackson,Federally Qualified Health Center (FQHC),42.3388214,-122.86746394,14401.0,767.0,8741.0,0.05326019026456496,0.6069717380737448
100790,LA CLINCA DEL VALLE FAMILY HEALTH CENTER INC,La Clinica Community Pharmacy--Market Street,Medford,Jackson,Federally Qualified Health Center (FQHC),42.33753009,-122.87038738,23919.0,2060.0,15095.0,0.08612400183954179,0.6310882561980016
101030,YAKIMA VALLEY FARM WORKERS CLINIC,Community Health Center of Clatskanie,Clatskanie,Columbia,Federally Qualified Health Center (FQHC),46.1044715,-123.20915959,202651.0,20211.0,133722.0,0.09973303857370554,0.659863509185743
101030,YAKIMA VALLEY FARM WORKERS CLINIC,SALUD MEDICAL CENTER,Woodburn,Marion,Federally Qualified Health Center (FQHC),45.15158426,-122.84133184,202651.0,20211.0,133722.0,0.09973303857370554,0.659863509185743
105600,MOSAIC COMMUNITY HEALTH,East Bend Health Center,Bend,Deschutes,Federally Qualified Health Center (FQHC),44.06493853,-121.27191712,28112.0,1349.0,14734.0,0.047986624928856005,0.5241178144564599
101630,VALLEY FAMILY HEALTH CARE INC,Ontario Medical and Dental Clinic Building,Ontario,Malheur,Federally Qualified Health Center (FQHC),44.02482375,-116.99709352,23306.0,3289.0,10450.0,0.14112245773620527,0.4483823908006522
106290,OUTSIDE IN,Outside In 1226,Portland,Multnomah,Federally Qualified Health Center (FQHC),45.51701584,-122.68599707,5847.0,922.0,3653.0,0.1576877030956046,0.6247648366683769
101230,VIRGINIA GARCIA MEMORIAL HEALTH CENTER,Virginia Garcia Beaverton Dental Clinic,Beaverton,Washington,Federally Qualified Health Center (FQHC),45.49101299,-122.80673487,48320.0,5313.0,33973.0,0.10995447019867549,0.7030836092715231
1014200,COUNTY OF LINCOLN,Community Shelter and Resource Center Lincoln City,Lincoln City,Lincoln,Federally Qualified Health Center (FQHC),44.98009103,-124.00965674,3163.0,288.0,1476.0,0.09105279797660448,0.466645589630098
101630,VALLEY FAMILY HEALTH CARE INC,Fortner Neighborhood Clinic,Ontario,Malheur,Federally Qualified Health Center (FQHC),44.03596238,-116.96547305,23306.0,3289.0,10450.0,0.14112245773620527,0.4483823908006522
100790,LA CLINCA DEL VALLE FAMILY HEALTH CENTER INC,Center for Learning and Innovation--La Clinica,Medford,Jackson,Federally Qualified Health Center (FQHC),42.3604644,-122.87841481,23919.0,2060.0,15095.0,0.08612400183954179,0.6310882561980016
102080,ONE COMMUNITY HEALTH,One Community Health -- The Dalles,The Dalles,Wasco,Federally Qualified Health Center (FQHC),45.60637103,-121.20718251,24400.0,2165.0,10545.0,0.08872950819672132,0.432172131147541
102970,ROGUE COMMUNITY HEALTH,East McAndrews Suite 202,Medford,Jackson,Federally Qualified Health Center (FQHC),42.34105078,-122.86822987,14401.0,767.0,8741.0,0.05326019026456496,0.6069717380737448
107880,"THE NATIVE AMERICAN REHABILITATION ASSOCIATION OF THE NORTHWEST, INCORPORATED",NARA Residential Treatment Center,Portland,Multnomah,Federally Qualified Health Center (FQHC),45.65060254,-122.85001583,5025.0,493.0,3097.0,0.09810945273631841,0.616318407960199
103100,"UMPQUA COMMUNITY HEALTH CENTER, INC.",Umpqua Community Health Center,Roseburg,Douglas,Federally Qualified Health Center (FQHC),43.26188524,-123.35016458,18139.0,922.0,9987.0,0.05082970395280886,0.5505816197144274
105600,MOSAIC COMMUNITY HEALTH,Conners Health Center,Bend,Deschutes,Federally Qualified Health Center (FQHC),44.07064443,-121.26110044,28112.0,1349.0,14734.0,0.047986624928856005,0.5241178144564599
107660,CENTRAL CITY CONCERN,River Haven Clinic,Portland,Multnomah,Federally Qualified Health Center (FQHC),45.55997674,-122.55779134,11360.0,536.0,8679.0,0.047183098591549295,0.7639964788732394
10E00506,NEIGHBORHOOD HEALTH CENTER,NHC Merlo Station SBHC,Beaverton,Washington,Federally Qualified Health Center (FQHC),45.50614509,-122.84727034,19718.0,1522.0,14066.0,0.07718835581701998,0.713358352774115
10E00506,NEIGHBORHOOD HEALTH CENTER,NHC Administration Support,Portland,Washington,Federally Qualified Health Center (FQHC),45.42617549,-122.75263974,19718.0,1522.0,14066.0,0.07718835581701998,0.713358352774115
107660,CENTRAL CITY CONCERN,Minnesota Hotel Administrative Offices,Portland,Multnomah,Federally Qualified Health Center (FQHC),45.52570741,-122.67548005,11360.0,536.0,8679.0,0.047183098591549295,0.7639964788732394
102970,ROGUE COMMUNITY HEALTH,Ashland Health Center,Ashland,Jackson,Federally Qualified Health Center (FQHC),42.20010325,-122.71501455,14401.0,767.0,8741.0,0.05326019026456496,0.6069717380737448
100150,"SISKIYOU COMMUNITY HEALTH CENTER, INC.",GRANTS PASS HIGH SCHOOL - SCHOOL BASED HEALTH CENTER,Grants Pass,Josephine,Federally Qualified Health Center (FQHC),42.44512489,-123.31760759,21248.0,1255.0,11291.0,0.05906438253012048,0.5313911897590361
100790,LA CLINCA DEL VALLE FAMILY HEALTH CENTER INC,La Clinica School-Based Health Center at Scenic Middle School,Central Point,Jackson,Federally Qualified Health Center (FQHC),42.3880536,-122.9221059,23919.0,2060.0,15095.0,0.08612400183954179,0.6310882561980016
101120,Multnomah County,East County Health Center,Gresham,Multnomah,Federally Qualified Health Center (FQHC),45.50293047,-122.42525777,54930.0,3549.0,44369.0,0.06460950300382305,0.807737119970872
107920,LANE COUNTY OREGON,Lane County Clinical Financial Services Office,Eugene,Lane,Federally Qualified Health Center (FQHC),44.06000729,-123.06759135,28346.0,6323.0,16750.0,0.2230649827136104,0.5909122980314683
103100,"UMPQUA COMMUNITY HEALTH CENTER, INC.",Mobile Unit 24,Roseburg,Douglas,Federally Qualified Health Center (FQHC),43.26188524,-123.35016458,18139.0,922.0,9987.0,0.05082970395280886,0.5505816197144274
100790,LA CLINCA DEL VALLE FAMILY HEALTH CENTER INC,West Medford Health Center--La Clinica,Medford,Jackson,Federally Qualified Health Center (FQHC),42.32365163,-122.8868786,23919.0,2060.0,15095.0,0.08612400183954179,0.6310882561980016
100790,LA CLINCA DEL VALLE FAMILY HEALTH CENTER INC,La Clinica School-Based Health Center at Jewett Elementary School,Central Point,Jackson,Federally Qualified Health Center (FQHC),42.37924506,-122.90965131,23919.0,2060.0,15095.0,0.08612400183954179,0.6310882561980016
100790,LA CLINCA DEL VALLE FAMILY HEALTH CENTER INC,East Medford Dental Clinic--La Clinica,Medford,Jackson,Federally Qualified Health Center (FQHC),42.34509568,-122.87268754,23919.0,2060.0,15095.0,0.08612400183954179,0.6310882561980016
101310,COUNTY OF CLACKAMAS,Beavercreek Health Center,Oregon City,Clackamas,Federally Qualified Health Center (FQHC),45.33568384,-122.59843024,17686.0,1210.0,13255.0,0.0684156960307588,0.7494628519733122
101120,Multnomah County,David Douglas High School Student Health Center,Portland,Multnomah,Federally Qualified Health Center (FQHC),45.51586207,-122.52996736,54930.0,3549.0,44369.0,0.06460950300382305,0.807737119970872
107660,CENTRAL CITY CONCERN,LETTY OWINGS CENTER,Portland,Multnomah,Federally Qualified Health Center (FQHC),45.52573729,-122.63949268,11360.0,536.0,8679.0,0.047183098591549295,0.7639964788732394
105600,MOSAIC COMMUNITY HEALTH,Redmond High School-Based Health Center,Redmond,Deschutes,Federally Qualified Health Center (FQHC),44.27027266,-121.19090359,28112.0,1349.0,14734.0,0.047986624928856005,0.5241178144564599
107880,"THE NATIVE AMERICAN REHABILITATION ASSOCIATION OF THE NORTHWEST, INCORPORATED","NARA Child, Youth, & Family Services/NARA Youth Residential Treatment Center",Gresham,Multnomah,Federally Qualified Health Center (FQHC),45.49893863,-122.42449661,5025.0,493.0,3097.0,0.09810945273631841,0.616318407960199
100700,WHITE BIRD CLINIC,WHITE BIRD MEDICAL CLINIC,Eugene,Lane,Federally Qualified Health Center (FQHC),44.04418205,-123.08674014,4902.0,1202.0,3261.0,0.2452060383516932,0.6652386780905752
1010810,BENTON COUNTY,Boys and Girls Club of Corvallis,Corvallis,Benton,Federally Qualified Health Center (FQHC),44.58868096,-123.26453975,10514.0,1636.0,5784.0,0.15560205440365227,0.5501236446642572
107660,CENTRAL CITY CONCERN,16 x Burnside Recovery Center,Portland,Multnomah,Federally Qualified Health Center (FQHC),45.52286096,-122.64924234,11360.0,536.0,8679.0,0.047183098591549295,0.7639964788732394
107880,"THE NATIVE AMERICAN REHABILITATION ASSOCIATION OF THE NORTHWEST, INCORPORATED",NARA Dental Clinic,Portland,Multnomah,Federally Qualified Health Center (FQHC),45.51902741,-122.53273481,5025.0,493.0,3097.0,0.09810945273631841,0.616318407960199
107660,CENTRAL CITY CONCERN,Imani Center (Karibu),Portland,Multnomah,Federally Qualified Health Center (FQHC),45.49939289,-122.6448939,11360.0,536.0,8679.0,0.047183098591549295,0.7639964788732394
107660,CENTRAL CITY CONCERN,Puentes,Portland,Multnomah,Federally Qualified Health Center (FQHC),45.52068527,-122.55839089,11360.0,536.0,8679.0,0.047183098591549295,0.7639964788732394
100790,LA CLINCA DEL VALLE FAMILY HEALTH CENTER INC,La Clinica School Based Health Center at Mae Richardson Elementary School,Central Point,Jackson,Federally Qualified Health Center (FQHC),42.3723315,-122.9208549,23919.0,2060.0,15095.0,0.08612400183954179,0.6310882561980016
100700,WHITE BIRD CLINIC,WHITE BIRD DENTAL CLINIC,Eugene,Lane,Federally Qualified Health Center (FQHC),44.04421252,-123.0896474,4902.0,1202.0,3261.0,0.2452060383516932,0.6652386780905752
101630,VALLEY FAMILY HEALTH CARE INC,Nyssa Dental Clinic,Nyssa,Malheur,Federally Qualified Health Center (FQHC),43.87755887,-117.00009064,23306.0,3289.0,10450.0,0.14112245773620527,0.4483823908006522
1010810,BENTON COUNTY,MONROE HEALTH CENTER,Monroe,Benton,Federally Qualified Health Center (FQHC),44.31194484,-123.29826593,10514.0,1636.0,5784.0,0.15560205440365227,0.5501236446642572
1010860,"WATERFALL CLINIC, INCORPORATED","WATERFALL CLINIC, INC.",North Bend,Coos,Federally Qualified Health Center (FQHC),43.38864614,-124.23774032,5606.0,393.0,2443.0,0.07010346057795219,0.435783089546914
1018560,LA PINE COMMUNITY HEALTH CENTER,LaPine Community Health Center,La Pine,Deschutes,Federally Qualified Health Center (FQHC),43.67524751,-121.50415401,6611.0,245.0,2533.0,0.03705944637725004,0.38314929662683406
100150,"SISKIYOU COMMUNITY HEALTH CENTER, INC.",LORNA BYRNE SCHOOL BASED HEALTH CENTER,Cave Junction,Josephine,Federally Qualified Health Center (FQHC),42.1672306,-123.64384006,21248.0,1255.0,11291.0,0.05906438253012048,0.5313911897590361
10E01202,WINDING WATERS MEDICAL CLINIC,Enterprise Pharmacy of Winding Waters,Enterprise,Wallowa,Federally Qualified Health Center (FQHC),45.42656165,-117.2830916,5705.0,378.0,1897.0,0.06625766871165645,0.3325153374233129
107920,LANE COUNTY OREGON,Mobile Van #1,Eugene,Lane,Federally Qualified Health Center (FQHC),44.09644825,-123.09590231,28346.0,6323.0,16750.0,0.2230649827136104,0.5909122980314683
100150,"SISKIYOU COMMUNITY HEALTH CENTER, INC.",ILLINOIS VALLEY HIGH SCHOOL BASED HEALTH CENTER,Cave Junction,Josephine,Federally Qualified Health Center (FQHC),42.16820035,-123.63159109,21248.0,1255.0,11291.0,0.05906438253012048,0.5313911897590361
1014200,COUNTY OF LINCOLN,Newport Community Shelter and Resource Center,Newport,Lincoln,Federally Qualified Health Center (FQHC),44.63386818,-124.05688827,3163.0,288.0,1476.0,0.09105279797660448,0.466645589630098
101030,YAKIMA VALLEY FARM WORKERS CLINIC,Rosewood Family Health Center at Lents,Portland,Multnomah,Federally Qualified Health Center (FQHC),45.48040683,-122.57043234,202651.0,20211.0,133722.0,0.09973303857370554,0.659863509185743
105600,MOSAIC COMMUNITY HEALTH,Bend Admin Site,Bend,Deschutes,Federally Qualified Health Center (FQHC),44.04338095,-121.32483241,28112.0,1349.0,14734.0,0.047986624928856005,0.5241178144564599
107920,LANE COUNTY OREGON,Springfield Schools Health Center,Springfield,Lane,Federally Qualified Health Center (FQHC),44.05420207,-123.0125981,28346.0,6323.0,16750.0,0.2230649827136104,0.5909122980314683
107880,"THE NATIVE AMERICAN REHABILITATION ASSOCIATION OF THE NORTHWEST, INCORPORATED",Oyate Behavioral Health,Portland,Multnomah,Federally Qualified Health Center (FQHC),45.51852982,-122.6919302,5025.0,493.0,3097.0,0.09810945273631841,0.616318407960199
101230,VIRGINIA GARCIA MEMORIAL HEALTH CENTER,Virginia Garcia Memorial Health Center- Administration,Hillsboro,Washington,Federally Qualified Health Center (FQHC),45.54347457,-122.89158546,48320.0,5313.0,33973.0,0.10995447019867549,0.7030836092715231
102970,ROGUE COMMUNITY HEALTH,White Mountain Health Center,White City,Jackson,Federally Qualified Health Center (FQHC),42.43857469,-122.82669151,14401.0,767.0,8741.0,0.05326019026456496,0.6069717380737448
101230,VIRGINIA GARCIA MEMORIAL HEALTH CENTER,Virginia Garcia Reproductive Health Clinic,Hillsboro,Washington,Federally Qualified Health Center (FQHC),45.51971255,-122.97905422,48320.0,5313.0,33973.0,0.10995447019867549,0.7030836092715231
101120,Multnomah County,Rockwood Community Health Center,Portland,Multnomah,Federally Qualified Health Center (FQHC),45.50757299,-122.47561608,54930.0,3549.0,44369.0,0.06460950300382305,0.807737119970872
107880,"THE NATIVE AMERICAN REHABILITATION ASSOCIATION OF THE NORTHWEST, INCORPORATED",NARA Indian Health Clinic,Portland,Multnomah,Federally Qualified Health Center (FQHC),45.53652149,-122.65829254,5025.0,493.0,3097.0,0.09810945273631841,0.616318407960199
100760,"NORTHWEST HUMAN SERVICES, INC.",NORTHWEST HUMAN SERVICES-HOST Youth & Family Program,Salem,Marion,Federally Qualified Health Center (FQHC),44.95111483,-123.03422408,12642.0,734.0,7888.0,0.05806043347571587,0.6239519063439329
